sku,linha,papel,nome_exemplo,unidades
8301001014,Camiseta Minimal,porta,Camiseta Preta - G,143088
8301001013,Camiseta Minimal,porta,Camiseta Preta - M,141247
8301001015,Camiseta Minimal,porta,Camiseta Preta - GG,72319
8301001012,Camiseta Minimal,porta,Camiseta Preta - P,47421
9301001023,Camiseta Minimal,porta,Camiseta Branca GT- M,46130
8301001044,Camiseta Minimal,porta,Camiseta Azul - G,42563
9301001024,Camiseta Minimal,porta,Camiseta Branca GT- G,42426
8301001043,Camiseta Minimal,porta,Camiseta Azul - M,41909
8301001114,Camiseta Minimal,porta,Camiseta Preta - G - GOLA V,34554
8301001113,Camiseta Minimal,porta,Camiseta Preta - M GOLA V,33302
8301001016,Camiseta Minimal,porta,Camiseta Preta - XGG,29420
8301001023,Camiseta Minimal,porta,Camiseta Branca - M,27226
8301001011,Camiseta Minimal,porta,Camiseta Preta - PP,26350
8301001033,Camiseta Minimal,porta,Camiseta Cinza - M,23381
8301002003,Cueca,porta,Cueca Preta Nova - G,22763
8301001034,Camiseta Minimal,porta,Camiseta Cinza - G,22558
8301001024,Camiseta Minimal,porta,Camiseta Branca - G,21672
8301001045,Camiseta Minimal,porta,Camiseta Azul - GG,20982
8301001073,Camiseta Minimal,porta,Camiseta Verde - M,19917
8301001115,Camiseta Minimal,porta,Camiseta Preta - GG - GOLA V,19414
9301001025,Camiseta Minimal,porta,Camiseta Branca GT- GG,18712
8301001074,Camiseta Minimal,porta,Camiseta Verde - G,18395
8301001017,Camiseta Minimal,porta,Camiseta Preta - XXGG,17571
8301002002,Cueca,porta,Cueca Preta Nova - M,15980
8301007000,BRINDE,brinde,Carteira Minimal Club,15752
9301001022,Camiseta Minimal,porta,Camiseta Branca GT- P,15262
8301001042,Camiseta Minimal,porta,Camiseta Azul - P,13718
8301002004,Cueca,porta,Cueca Preta Nova - GG,11739
8301001144,Camiseta Minimal,porta,Camiseta Azul - G - GOLA V,11360
8301001143,Camiseta Minimal,porta,Camiseta Azul - M - GOLA V,10998
8301001022,Camiseta Minimal,porta,Camiseta Branca - P,10935
8301001035,Camiseta Minimal,porta,Camiseta Cinza - GG,10860
8301001112,Camiseta Minimal,porta,Camiseta Preta - P - GOLA V,10821
9301001124,Camiseta Minimal,porta,Camiseta Branca GT- G - GOLA V,10500
9301001123,Camiseta Minimal,porta,Camiseta Branca GT- M - GOLA V,10497
8301001123,Camiseta Minimal,porta,Camiseta Branca - M - GOLA V,9378
8301001075,Camiseta Minimal,porta,Camiseta Verde - GG,8903
8301001116,Camiseta Minimal,porta,Camiseta Preta - XGG - GOLA V,8886
8301001025,Camiseta Minimal,porta,Camiseta Branca - GG,8584
8301001046,Camiseta Minimal,porta,Camiseta Azul - XGG,8447
8401001014,Camiseta Fitness,porta,Camiseta Fitness Preta - G,8383
8301001032,Camiseta Minimal,porta,Camiseta Cinza - P,8092
8301001134,Camiseta Minimal,porta,Camiseta Cinza - G - GOLA V,7851
1301002112,BRINDE,brinde,Perfume Brinde 10ml,7839
8301001133,Camiseta Minimal,porta,Camiseta Cinza - M - GOLA V,7587
8301001124,Camiseta Minimal,porta,Camiseta Branca - G - GOLA V,7576
8401001013,Camiseta Fitness,porta,Camiseta Fitness Preta - M,7564
8301001072,Camiseta Minimal,porta,Camiseta Verde - P,6895
9301001026,Camiseta Minimal,porta,Camiseta Branca GT- XGG,6473
8301001083,Camiseta Minimal,porta,Camiseta Bordo - M,6465
8301001145,Camiseta Minimal,porta,Camiseta Azul - GG - GOLA V,6138
8301001117,Camiseta Minimal,porta,Camiseta Preta - XXGG - GOLA V,5934
8301001093,Camiseta Minimal,porta,Camiseta Mescla - M,5848
8301002005,Cueca,porta,Cueca Preta Nova - XGG,5672
9301001021,Camiseta Minimal,porta,Camiseta Branca GT- PP,5665
8301001084,Camiseta Minimal,porta,Camiseta Bordo - G,5388
8301001094,Camiseta Minimal,porta,Camiseta Mescla - G,5194
9301001125,Camiseta Minimal,porta,Camiseta Branca GT- GG - GOLA V,5125
8301001041,Camiseta Minimal,porta,Camiseta Azul - PP,5093
8301001313,Camiseta Manga Longa,porta,Camiseta ML Preta - M,4987
4602001033,Calça Jeans 1.0,porta,Calça Jeans Minimal Azul Médio Escuro 42,4941
1301001011,Perfume,brinde,Perfume 50ml Controle Estoque,4805
4602001034,Calça Jeans 1.0,porta,Calça Jeans Minimal Azul Médio Escuro 44,4684
8301001047,Camiseta Minimal,porta,Camiseta Azul - XXGG,4637
1301002011,BRINDE,brinde,Amostra Perfume 1ml único,4554
8301001036,Camiseta Minimal,porta,Camiseta Cinza - XGG,4397
8301001314,Camiseta Manga Longa,porta,Camiseta ML Preta - G,4280
8301002001,Cueca,porta,Cueca Preta Nova - P,4248
8303003084,Camiseta Minimal,porta,Camiseta Vinho - G,4205
8303003083,Camiseta Minimal,porta,Camiseta Vinho - M,4196
4602001023,Calça Jeans 1.0,porta,Calça Jeans Minimal Azul Claro 42,4150
8301001135,Camiseta Minimal,porta,Camiseta Cinza - GG - GOLA V,4029
4602001013,Calça Jeans 1.0,porta,Calça Jeans Minimal Preta 42,4016
8301001021,Camiseta Minimal,porta,Camiseta Branca - PP,3958
4602001024,Calça Jeans 1.0,porta,Calça Jeans Minimal Azul Claro 44,3936
8401001024,Camiseta Fitness,porta,Camiseta Fitness Branca - G,3877
8301005123,Camisa Social Tech Classics,porta,Camisa Social Branca - M,3858
8301005124,Camisa Social Tech Classics,porta,Camisa Social Branca - G,3843
8401001034,Camiseta Fitness,porta,Camiseta Fitness Cinza - G,3836
8301001142,Camiseta Minimal,porta,Camiseta Azul - P - GOLA V,3786
8303003034,Camiseta Minimal,porta,Camiseta Marrom - G,3761
8301001111,Camiseta Minimal,porta,Camiseta Preta - PP - GOLA V,3681
8401001015,Camiseta Fitness,porta,Camiseta Fitness Preta - GG,3676
9301001122,Camiseta Minimal,porta,Camiseta Branca GT- P - GOLA V,3642
8301001122,Camiseta Minimal,porta,Camiseta Branca - P - GOLA V,3628
8301001125,Camiseta Minimal,porta,Camiseta Branca - GG - GOLA V,3609
8303003033,Camiseta Minimal,porta,Camiseta Marrom - M,3595
1301004011,Skincare,brinde,Sabonete Facial Minimal Care,3584
1301004012,Skincare,brinde,Hidratante Facial Minimal Care,3581
8401001023,Camiseta Fitness,porta,Camiseta Fitness Branca - M,3581
8301001076,Camiseta Minimal,porta,Camiseta Verde - XGG,3431
8401001033,Camiseta Fitness,porta,Camiseta Fitness Cinza - M,3281
4602001014,Calça Jeans 1.0,porta,Calça Jeans Minimal Preta 44,3251
9301001027,Camiseta Minimal,porta,Camiseta Branca GT- XXGG,3173
8301001053,Camiseta Minimal,porta,Camiseta Bege - M,3112
8301001031,Camiseta Minimal,porta,Camiseta Cinza - PP,3057
8301005013,Produto desconhecido,desconhecido,,2995
8301001026,Camiseta Minimal,porta,Camiseta Branca - XGG,2971
8301002054,Camiseta Minimal,porta,Camiseta Gola O G Areia,2934
4602001022,Calça Jeans 1.0,porta,Calça Jeans Minimal Azul Claro 40,2846
8301002053,Camiseta Minimal,porta,Camiseta Gola O M Areia,2742
8301001146,Camiseta Minimal,porta,Camiseta Azul - XGG - GOLA V,2735
4602001035,Calça Jeans 1.0,porta,Calça Jeans Minimal Azul Médio Escuro 46,2721
4602001032,Calça Jeans 1.0,porta,Calça Jeans Minimal Azul Médio Escuro 40,2721
8401002003,Cueca Fitness,porta,Cueca Fitness Preta - G,2718
8301001132,Camiseta Minimal,porta,Camiseta Cinza - P - GOLA V,2714
8301001085,Camiseta Minimal,porta,Camiseta Bordo - GG,2676
8301001082,Camiseta Minimal,porta,Camiseta Bordo - P,2636
8301005144,Camisa Social Tech Classics,porta,Camisa Social Azul Clara - G,2630
8301005023,Produto desconhecido,desconhecido,,2621
8301004111,Outros Produtos,porta,Meia Minimal Preta Soquete 35-38,2604
8301001037,Camiseta Minimal,porta,Camiseta Cinza - XXGG,2567
8301001054,Camiseta Minimal,porta,Camiseta Bege - G,2553
8401001012,Camiseta Fitness,porta,Camiseta Fitness Preta - P,2478
8301001095,Camiseta Minimal,porta,Camiseta Mescla - GG,2452
8301005154,Camisa Social Tech Classics,porta,Camisa Social Azul Escura - G,2427
8301006000,Produto desconhecido,desconhecido,,2409
8303001013,Camisa Henley,porta,Camiseta Minimal Tricot Henley Preta M,2374
8301005033,Produto desconhecido,desconhecido,,2367
8301001071,Camiseta Minimal,porta,Camiseta Verde - PP,2364
8303003063,Camiseta Minimal,porta,Camiseta Azul Claro - M,2319
8301005143,Camisa Social Tech Classics,porta,Camisa Social Azul Clara - M,2306
4602001012,Calça Jeans 1.0,porta,Calça Jeans Minimal Preta 40,2239
8301001077,Camiseta Minimal,porta,Camiseta Verde - XXGG,2237
8303001014,Camisa Henley,porta,Camiseta Minimal Tricot Henley Preta G,2208
8301005125,Camisa Social Tech Classics,porta,Camisa Social Branca - GG,2154
8301005014,Produto desconhecido,desconhecido,,2111
8301001092,Camiseta Minimal,porta,Camiseta Mescla - P,2061
8301005153,Camisa Social Tech Classics,porta,Camisa Social Azul Escura - M,2059
4602001015,Calça Jeans 1.0,porta,Calça Jeans Minimal Preta 46,2021
8401002002,Cueca Fitness,porta,Cueca Fitness Preta - M,2021
8301005012,Produto desconhecido,desconhecido,,1999
8303003085,Camiseta Minimal,porta,Camiseta Vinho - GG,1989
8301001315,Camiseta Manga Longa,porta,Camiseta ML Preta - GG,1971
8301005024,Produto desconhecido,desconhecido,,1945
4602001025,Calça Jeans 1.0,porta,Calça Jeans Minimal Azul Claro 46,1893
8301001136,Camiseta Minimal,porta,Camiseta Cinza - XGG - GOLA V,1852
9301001126,Camiseta Minimal,porta,Camiseta Branca GT- XGG - GOLA V,1822
8301005022,Produto desconhecido,desconhecido,,1793
8401001016,Camiseta Fitness,porta,Camiseta Fitness Preta - XGG,1792
8301005034,Produto desconhecido,desconhecido,,1790
8301001312,Camiseta Manga Longa,porta,Camiseta ML Preta - P,1786
8303001063,Camisa Henley,porta,Camiseta Minimal Tricot Henley Off-White M,1779
8301006013,Calça Alfaiataria,porta,Calça Alfaiataria Minimal Preta 42,1770
8301004011,Outros Produtos,porta,Meia Minimal Preta Cano Curto,1747
8301001027,Camiseta Minimal,porta,Camiseta Branca - XXGG,1745
8301001147,Camiseta Minimal,porta,Camiseta Azul - XXGG - GOLA V,1728
8303003035,Camiseta Minimal,porta,Camiseta Marrom - GG,1717
8302006114,Produto desconhecido,desconhecido,,1707
8303001064,Camisa Henley,porta,Camiseta Minimal Tricot Henley Off-White G,1703
8401001043,Camiseta Fitness,porta,Camiseta Fitness Azul - M,1691
8303003064,Camiseta Minimal,porta,Camiseta Azul Claro - G,1674
8301006014,Calça Alfaiataria,porta,Calça Alfaiataria Minimal Preta 44,1654
8401001035,Camiseta Fitness,porta,Camiseta Fitness Cinza - GG,1648
8301005122,Camisa Social Tech Classics,porta,Camisa Social Branca - P,1644
4602001021,Calça Jeans 1.0,porta,Calça Jeans Minimal Azul Claro 38,1630
8301005015,Produto desconhecido,desconhecido,,1613
8302007143,Polo 2.0,porta,Camisa Polo 2.0 Azul Marinho - M,1576
8401001044,Camiseta Fitness,porta,Camiseta Fitness Azul - G,1572
8302006113,Produto desconhecido,desconhecido,,1568
8401002004,Cueca Fitness,porta,Cueca Fitness Preta - GG,1485
8301006033,Calça Alfaiataria,porta,Calça Alfaiataria Minimal Azul 42,1479
8302007113,Polo 2.0,porta,Camisa Polo 2.0 Preta - M,1463
8302007144,Polo 2.0,porta,Camisa Polo 2.0 Azul Marinho - G,1458
8301001126,Camiseta Minimal,porta,Camiseta Branca - XGG - GOLA V,1450
8401001025,Camiseta Fitness,porta,Camiseta Fitness Branca - GG,1426
8301006023,Calça Alfaiataria,porta,Calça Alfaiataria Minimal Caqui 42,1417
8301001153,Camiseta Minimal,porta,Camiseta Bege - M GOLA V,1406
8303003082,Camiseta Minimal,porta,Camiseta Vinho - P,1394
8301005032,Produto desconhecido,desconhecido,,1384
8301001052,Camiseta Minimal,porta,Camiseta Bege - P,1378
8301002055,Camiseta Minimal,porta,Camiseta Gola O GG Areia,1363
4602001031,Calça Jeans 1.0,porta,Calça Jeans Minimal Azul Médio Escuro 38,1338
8302007114,Polo 2.0,porta,Camisa Polo 2.0 Preta - G,1327
8301005155,Camisa Social Tech Classics,porta,Camisa Social Azul Escura - GG,1321
8303003032,Camiseta Minimal,porta,Camiseta Marrom - P,1319
8303001053,Camisa Henley,porta,Camiseta Minimal Tricot Henley Bege M,1319
8303003054,Camiseta Minimal,porta,Camiseta Verde Musgo - G,1277
8301001323,Camiseta Manga Longa,porta,Camiseta ML Branca - M,1274
9301001121,Camiseta Minimal,porta,Camiseta Branca GT- PP - GOLA V,1269
4602001011,Calça Jeans 1.0,porta,Calça Jeans Minimal Preta 38,1262
8303001054,Camisa Henley,porta,Camiseta Minimal Tricot Henley Bege G,1261
8301006034,Calça Alfaiataria,porta,Calça Alfaiataria Minimal Azul 44,1258
8301001141,Camiseta Minimal,porta,Camiseta Azul - PP - GOLA V,1257
4602001036,Calça Jeans 1.0,porta,Calça Jeans Minimal Azul Médio Escuro 48,1255
8301005011,Produto desconhecido,desconhecido,,1250
8401001022,Camiseta Fitness,porta,Camiseta Fitness Branca - P,1233
8301005035,Produto desconhecido,desconhecido,,1227
8303001015,Camisa Henley,porta,Camiseta Minimal Tricot Henley Preta GG,1226
8303003053,Camiseta Minimal,porta,Camiseta Verde Musgo - M,1222
8301006024,Calça Alfaiataria,porta,Calça Alfaiataria Minimal Caqui 44,1218
8301001121,Camiseta Minimal,porta,Camiseta Branca - PP - GOLA V,1212
8883001014,Overshirt,porta,Overshirt Preto G,1193
8401001011,Camiseta Fitness,porta,Camiseta Fitness Preta - PP,1192
8301005025,Produto desconhecido,desconhecido,,1192
8301001137,Camiseta Minimal,porta,Camiseta Cinza  - XXGG - GOLA V,1192
8401001017,Camiseta Fitness,porta,Camiseta Fitness Preta - XXGG,1189
sacolaM,Produto desconhecido,desconhecido,,1168
8301007043,Calça Comfort,porta,Calça Comfort 42 Cinza,1152
8401001032,Camiseta Fitness,porta,Camiseta Fitness Cinza - P,1150
8883001013,Overshirt,porta,Overshirt Preto M,1147
5601001163,Outros Produtos,porta,Suéter Minimal Off-White - M,1103
8301001154,Camiseta Minimal,porta,Camiseta Bege - G - GOLA V,1077
8301007023,Calça Comfort,porta,Calça Comfort 42 Marrom,1070
5601001164,Outros Produtos,porta,Suéter Minimal Off-White - G,1065
8303003065,Camiseta Minimal,porta,Camiseta Azul Claro - GG,1058
5601001144,Suéter Classic 2026,porta,Suéter Minimal Azul - G,1056
8301001081,Camiseta Minimal,porta,Camiseta Bordo - PP,1054
carteiraOB,Produto desconhecido,desconhecido,,1048
8301001086,Camiseta Minimal,porta,Camiseta Bordo - XGG,1047
8301005145,Camisa Social Tech Classics,porta,Camisa Social Azul Clara - GG,1046
8303001012,Camisa Henley,porta,Camiseta Minimal Tricot Henley Preta P,1042
8301002083,Camiseta Minimal,porta,Camiseta Gola O M Rosa,1038
8301001055,Camiseta Minimal,porta,Camiseta Bege - GG,1035
4602001026,Calça Jeans 1.0,porta,Calça Jeans Minimal Azul Claro 48,1035
8301007044,Calça Comfort,porta,Calça Comfort 44 Cinza,1031
8301005142,Camisa Social Tech Classics,porta,Camisa Social Azul Clara - P,1026
8301002084,Camiseta Minimal,porta,Camiseta Gola O G Rosa,1022
5601001143,Outros Produtos,porta,Suéter Minimal Azul - M,1013
4602001016,Calça Jeans 1.0,porta,Calça Jeans Minimal Preta 48,1010
8302006144,Produto desconhecido,desconhecido,,1008
8301001096,Camiseta Minimal,porta,Camiseta Mescla - XGG,1006
8301006012,Calça Alfaiataria,porta,Calça Alfaiataria Minimal Preta 40,1000
8301001311,Camiseta Manga Longa,porta,Camiseta ML Preta - PP,998
9301001127,Camiseta Minimal,porta,Camiseta Branca GT- XXGG - GOLA V,987
4602002023,Calça Jeans 2.0,porta,Calça Jeans 2.0 Azul Claro 42,962
8301001324,Camiseta Manga Longa,porta,Camiseta ML Branca - G,955
8301005021,Produto desconhecido,desconhecido,,939
8301007033,Calça Comfort,porta,Calça Comfort 42 Azul,929
8303003023,Camiseta Minimal,porta,Camiseta Oliva - M,914
8302007123,Polo 2.0,porta,Camisa Polo 2.0 Branca - M,909
8883001024,Overshirt,porta,Overshirt Marrom G,906
8401001045,Camiseta Fitness,porta,Camiseta Fitness Azul - GG,894
8301002052,Camiseta Minimal,porta,Camiseta Gola O P Areia,869
8303001062,Camisa Henley,porta,Camiseta Minimal Tricot Henley Off-White P,867
8401002005,Cueca Fitness,porta,Cueca Fitness Preta - XGG,866
8301001316,Camiseta Manga Longa,porta,Camiseta ML Preta - XGG,864
8301007034,Calça Comfort,porta,Calça Comfort 44 Azul,862
8301006015,Calça Alfaiataria,porta,Calça Alfaiataria Minimal Preta 46,854
8302006143,Produto desconhecido,desconhecido,,846
8301001131,Camiseta Minimal,porta,Camiseta Cinza - PP - GOLA V,837
8301005114,Camisa Social Tech Classics,porta,Camisa Social Preta - G,829
8301005126,Camisa Social Tech Classics,porta,Camisa Social Branca - XGG,824
8302007124,Polo 2.0,porta,Camisa Polo 2.0 Branca - G,823
8301001091,Camiseta Minimal,porta,Camiseta Mescla - PP,822
8301001127,Camiseta Minimal,porta,Camiseta Branca - XXGG - GOLA V,821
8301005152,Camisa Social Tech Classics,porta,Camisa Social Azul Escura - P,818
8303003055,Camiseta Minimal,porta,Camiseta Verde Musgo - GG,813
8303003086,Camiseta Minimal,porta,Camiseta Vinho - XGG,801
8301007024,Calça Comfort,porta,Calça Comfort 44 Marrom,798
4602002024,Calça Jeans 2.0,porta,Calça Jeans 2.0 Azul Claro 44,798
8401002001,Cueca Fitness,porta,Cueca Fitness Preta - P,789
8301005113,Camisa Social Tech Classics,porta,Camisa Social Preta - M,780
8301005031,Produto desconhecido,desconhecido,,779
8303003024,Camiseta Minimal,porta,Camiseta Oliva - G,766
8301006022,Calça Alfaiataria,porta,Calça Alfaiataria Minimal Caqui 40,764
8302007115,Polo 2.0,porta,Camisa Polo 2.0 Preta - GG,763
8301006032,Calça Alfaiataria,porta,Calça Alfaiataria Minimal Azul 40,744
8301001087,Camiseta Minimal,porta,Camiseta Bordo - XXGG,740
8883001023,Overshirt,porta,Overshirt Marrom M,731
8301006035,Calça Alfaiataria,porta,Calça Alfaiataria Minimal Azul 46,728
4602001043,Calça Jeans 1.0,porta,Calça Jeans Minimal Azul Médio 42,718
8301007013,Calça Comfort,porta,Calça Comfort 42 Preta,709
8302007145,Polo 2.0,porta,Camisa Polo 2.0 Azul Marinho - GG,709
8303001065,Camisa Henley,porta,Camiseta Minimal Tricot Henley Off-White GG,708
8302006115,Produto desconhecido,desconhecido,,696
8301005156,Camisa Social Tech Classics,porta,Camisa Social Azul Escura - XGG,695
8301006025,Calça Alfaiataria,porta,Calça Alfaiataria Minimal Caqui 46,672
8301001384,Camiseta Manga Longa,porta,Camiseta ML Bordo - G,667
8301001383,Camiseta Manga Longa,porta,Camiseta ML Bordo - M,653
8303001052,Camisa Henley,porta,Camiseta Minimal Tricot Henley Bege P,644
8303003036,Camiseta Minimal,porta,Camiseta Marrom - XGG,641
8301001413,Camiseta Manga Longa,porta,Camiseta ML Preta - M GOLA V,630
caixapresente,Outros Produtos,porta,Caixa Presente - Minimal Club,628
8301001414,Camiseta Manga Longa,porta,Camiseta ML Preta - G - GOLA V,625
8401001036,Camiseta Fitness,porta,Camiseta Fitness Cinza - XGG,610
8302006124,Produto desconhecido,desconhecido,,609
9401001014,Camiseta Minimal,porta,Camiseta 2.0 G Preta,609
8401003114,Outros Produtos,porta,Short Academia Minimal G Preto,606
8301007014,Calça Comfort,porta,Calça Comfort 44 Preta,605
8401003014,Outros Produtos,porta,Bermuda Fitness Preta - G,603
8302006112,Produto desconhecido,desconhecido,,600
8883001063,Overshirt,porta,Overshirt Off-White M,590
8303003062,Camiseta Minimal,porta,Camiseta Azul Claro - P,589
9401001013,Camiseta Minimal,porta,Camiseta 2.0 M Preta,589
8301001097,Camiseta Minimal,porta,Camiseta Mescla - XXGG,583
8303003081,Camiseta Minimal,porta,Camiseta Vinho - PP,580
4602001044,Calça Jeans 1.0,porta,Calça Jeans Minimal Azul Médio 44,577
8301007042,Calça Comfort,porta,Calça Comfort 40 Cinza,576
8303001016,Camisa Henley,porta,Camiseta Minimal Tricot Henley Preta XGG,576
8301001317,Camiseta Manga Longa,porta,Camiseta ML Preta - XXGG,573
8301001051,Camiseta Minimal,porta,Camiseta Bege - PP,573
8301001155,Camiseta Minimal,porta,Camiseta Bege - GG - GOLA V,572
5601001162,Outros Produtos,porta,Suéter Minimal Off-White - P,564
8883001015,Overshirt,porta,Overshirt Preto GG,556
4602001045,Calça Jeans 1.0,porta,Calça Jeans Minimal Azul Médio 46,548
8301006043,Calça Alfaiataria,porta,Calça Alfaiataria Minimal Cinza 42,547
8301001322,Camiseta Manga Longa,porta,Camiseta ML Branca - P,546
8401001026,Camiseta Fitness,porta,Camiseta Fitness Branca - XGG,546
8303001055,Camisa Henley,porta,Camiseta Minimal Tricot Henley Bege GG,544
8302006123,Produto desconhecido,desconhecido,,544
8301007022,Calça Comfort,porta,Calça Comfort 40 Marrom,540
8301001152,Camiseta Minimal,porta,Camiseta Bege - P - GOLA V,538
9301001323,Camiseta Manga Longa,porta,Camiseta ML Branca GT - M,535
8301005146,Camisa Social Tech Classics,porta,Camisa Social Azul Clara - XGG,531
8303003031,Camiseta Minimal,porta,Camiseta Marrom - PP,520
8302006116,Produto desconhecido,desconhecido,,519
5601001145,Outros Produtos,porta,Suéter Minimal Azul - GG,518
8301002085,Camiseta Minimal,porta,Camiseta Gola O GG Rosa,516
8883001064,Overshirt,porta,Overshirt Off-White G,516
8401003113,Outros Produtos,porta,Short Academia Minimal M Preto,507
8301005115,Camisa Social Tech Classics,porta,Camisa Social Preta - GG,507
8301007032,Calça Comfort,porta,Calça Comfort 40 Azul,502
8301007045,Calça Comfort,porta,Calça Comfort 46 Cinza,491
8301002056,Camiseta Minimal,porta,Camiseta Gola O XGG Areia,490
8304001063,Polo Tricot,porta,Polo Tricot Verão 26 Off White - M,482
4602002022,Calça Jeans 2.0,porta,Calça Jeans 2.0 Azul Claro 40,479
5601001142,Outros Produtos,porta,Suéter Minimal Azul - P,475
8302007142,Polo 2.0,porta,Camisa Polo 2.0 Azul Marinho - P,474
8302007112,Polo 2.0,porta,Camisa Polo 2.0 Preta - P,472
8303003052,Camiseta Minimal,porta,Camiseta Verde Musgo - P,468
8401001021,Camiseta Fitness,porta,Camiseta Fitness Branca - PP,461
5601001165,Outros Produtos,porta,Suéter Minimal Off-White - GG,460
8304001023,Polo Tricot,porta,Polo Tricot Verão 26 Marrom - M,456
8303003066,Camiseta Minimal,porta,Camiseta Azul Claro - XGG,451
8401001031,Camiseta Fitness,porta,Camiseta Fitness Cinza - PP,448
8304001064,Polo Tricot,porta,Polo Tricot Verão 26 Off White - G,446
8401001037,Camiseta Fitness,porta,Camiseta Fitness Cinza - XXGG,438
9301001324,Camiseta Manga Longa,porta,Camiseta ML Branca GT - G,437
8304001024,Polo Tricot,porta,Polo Tricot Verão 26 Marrom - G,436
4602002025,Calça Jeans 2.0,porta,Calça Jeans 2.0 Azul Claro 46,435
8301001325,Camiseta Manga Longa,porta,Camiseta ML Branca - GG,434
8883001012,Overshirt,porta,Overshirt Preto P,434
8883001073,Overshirt,porta,Overshirt Verde M,434
8301007025,Calça Comfort,porta,Calça Comfort 46 Marrom,431
8302006145,Produto desconhecido,desconhecido,,427
8303003087,Camiseta Minimal,porta,Camiseta Vinho - XXGG,426
8303003025,Camiseta Minimal,porta,Camiseta Oliva - GG,421
8301006044,Calça Alfaiataria,porta,Calça Alfaiataria Minimal Cinza 44,419
8303003043,Camiseta Minimal,porta,Camiseta Terracota - M,408
8301007035,Calça Comfort,porta,Calça Comfort 46 Azul,406
8883001025,Overshirt,porta,Overshirt Marrom GG,401
8302007125,Polo 2.0,porta,Camisa Polo 2.0 Branca - GG,398
8401001046,Camiseta Fitness,porta,Camiseta Fitness Azul - XGG,398
8401001042,Camiseta Fitness,porta,Camiseta Fitness Azul - P,397
8303003022,Camiseta Minimal,porta,Camiseta Oliva - P,396
8301001385,Camiseta Manga Longa,porta,Camiseta ML Bordo - GG,396
8301002082,Camiseta Minimal,porta,Camiseta Gola O P Rosa,389
8303003037,Camiseta Minimal,porta,Camiseta Marrom - XXGG,389
8301001056,Camiseta Minimal,porta,Camiseta Bege - XGG,385
8883001022,Overshirt,porta,Overshirt Marrom P,380
8401003013,Outros Produtos,porta,Bermuda Fitness Preta - M,368
8301002051,Camiseta Minimal,porta,Camiseta Gola O PP Areia,365
8304001073,Polo Tricot,porta,Polo Tricot Verão 26 Verde - M,360
9301001325,Camiseta Manga Longa,porta,Camiseta ML Branca GT - GG,358
8303003044,Camiseta Minimal,porta,Camiseta Terracota - G,357
8303003061,Camiseta Minimal,porta,Camiseta Azul Claro - PP,355
5601001214,Suéter Zíper,porta,Suéter Tricot Preto - G,355
8304001074,Polo Tricot,porta,Polo Tricot Verão 26 Verde - G,350
8301003314,Outros Produtos,porta,Short Nadar Preto - G,348
8302005113,Polo 1.0,porta,Camisa Polo Minimal 1.0,346
8302006142,Produto desconhecido,desconhecido,,345
8401001314,Camiseta Fitness Manga Longa,porta,Camiseta Fitness ML Preta - G,344
8301006011,Calça Alfaiataria,porta,Calça Alfaiataria Minimal Preta 38,344
8303004212,Outros Produtos,porta,Kit 3x Pares Meia Cano Alto Preta 39-43,335
8301001382,Camiseta Manga Longa,porta,Camiseta ML Bordo - P,334
8301003344,Outros Produtos,porta,Short Nadar Azul Marinho - G,333
8302005114,Polo 1.0,porta,Camisa Polo Minimal 1.0,331
8303003056,Camiseta Minimal,porta,Camiseta Verde Musgo - XGG,326
8302005123,Polo 1.0,porta,Camisa Polo Minimal 1.0,321
8401001313,Camiseta Fitness Manga Longa,porta,Camiseta Fitness ML Preta - M,321
8302004212,Outros Produtos,porta,Kit 3x Meias Minimal Preta Cano Alto Único Preta,316
8401003134,Outros Produtos,porta,Short Academia Minimal G Cinza,314
8301007012,Calça Comfort,porta,Calça Comfort 40 Preta,313
8302006111,Produto desconhecido,desconhecido,,312
8401003115,Outros Produtos,porta,Short Academia Minimal GG Preto,312
8301001412,Camiseta Manga Longa,porta,Camiseta ML Preta - P - GOLA V,310
8301003313,Outros Produtos,porta,Short Nadar Preto - M,309
8301006016,Calça Alfaiataria,porta,Calça Alfaiataria Minimal Preta 48,309
8883001074,Overshirt,porta,Overshirt Verde G,308
8301006036,Calça Alfaiataria,porta,Calça Alfaiataria Minimal Azul 48,308
8883001044,Overshirt,porta,Overshirt Azul Petróleo G,307
8303004012,Outros Produtos,porta,Kit 3x Pares Meia Cano Curto Preta 39-43,306
5601001213,Suéter Zíper,porta,Suéter Tricot Preto - M,305
8301001415,Camiseta Manga Longa,porta,Camiseta ML Preta - GG - GOLA V,304
8301007015,Calça Comfort,porta,Calça Comfort 46 Preta,303
8302006117,Produto desconhecido,desconhecido,,302
8301001423,Camiseta Manga Longa,porta,Camiseta ML Branca - M - GOLA V,302
8302007122,Polo 2.0,porta,Camisa Polo 2.0 Branca - P,299
8301006026,Calça Alfaiataria,porta,Calça Alfaiataria Minimal Caqui 48,298
4602001042,Calça Jeans 1.0,porta,Calça Jeans Minimal Azul Médio 40,297
8401001027,Camiseta Fitness,porta,Camiseta Fitness Branca - XXGG,296
5601002443,Jaqueta Essential,porta,Jaqueta Essential Azul Marinho - M,296
8302004012,Outros Produtos,porta,Kit 3x Meias Minimal Preta Cano Baixo Único Preta,295
5601001014,Camiseta Modal Tech,porta,Pijama Modal Preto - G,293
8301005112,Camisa Social Tech Classics,porta,Camisa Social Preta - P,292
8303001066,Camisa Henley,porta,Camiseta Minimal Tricot Henley Off-White XGG,291
8301001424,Camiseta Manga Longa,porta,Camiseta ML Branca - G - GOLA V,287
5601001234,Suéter Zíper,porta,Suéter Tricot Cinza - G,286
8302007116,Polo 2.0,porta,Camisa Polo 2.0 Preta - XGG,282
8883001016,Overshirt,porta,Overshirt Preto XGG,277
8301006042,Calça Alfaiataria,porta,Calça Alfaiataria Minimal Cinza 40,276
8303003067,Camiseta Minimal,porta,Camiseta Azul Claro - XXGG,276
8303001056,Camisa Henley,porta,Camiseta Minimal Tricot Henley Bege XGG,275
8302015014,Camiseta Gola Alta Manga Curta,porta,Camiseta Gola Alta Pima Manga Curta G Preta,273
8302005124,Polo 1.0,porta,Camisa Polo Minimal 1.0,272
8302005143,Polo 1.0,porta,Camisa Polo Minimal 1.0,269
8301001416,Camiseta Manga Longa,porta,Camiseta ML Preta - XGG - GOLA V,268
8301007046,Calça Comfort,porta,Calça Comfort 48 Cinza,267
8301001326,Camiseta Manga Longa,porta,Camiseta ML Branca - XGG,266
8302007146,Polo 2.0,porta,Camisa Polo 2.0 Azul Marinhoo - XGG,265
9401001015,Camiseta Minimal,porta,Camiseta 2.0 GG Preta,262
8883001062,Overshirt,porta,Overshirt Off-White P,261
8301003343,Outros Produtos,porta,Short Nadar Azul Marinho - M,261
9401001023,Camiseta Minimal,porta,Camiseta 2.0 Branca - M,260
8302005144,Polo 1.0,porta,Camisa Polo Minimal 1.0,259
8301001156,Camiseta Minimal,porta,Camiseta Bege - XGG - GOLA V,258
8883001043,Overshirt,porta,Overshirt Azul Petróleo M,258
5601001243,Suéter Zíper,porta,Suéter Tricot Azul Marinho - M,257
5601001343,Suéter Classic 2026,porta,Suéter Classic Azul Marinho - M,257
5601001254,Suéter Zíper,porta,Suéter Tricot Bege - G,254
8883001065,Overshirt,porta,Overshirt Off-White GG,253
5601002444,Jaqueta Essential,porta,Jaqueta Essential Azul Marinho - G,252
8301002057,Camiseta Minimal,porta,Camiseta Gola O XXGG Areia,251
8302006146,Produto desconhecido,desconhecido,,250
8303003026,Camiseta Minimal,porta,Camiseta Oliva - XGG,249
8301006020,Outros Produtos,porta,Bracelete Classic Prata,248
8401003133,Outros Produtos,porta,Short Academia Minimal M Cinza,245
8301006031,Calça Alfaiataria,porta,Calça Alfaiataria Minimal Azul 38,245
8302005224,Camisa Social Malha,porta,Camisa Social Malha Branca G,242
8301006021,Calça Alfaiataria,porta,Calça Alfaiataria Minimal Caqui 38,238
9401001024,Camiseta Minimal,porta,Camiseta 2.0 Branca - G,238
8301003243,Outros Produtos,porta,Short Nadar Azul Candy - 40,237
5601001013,Camiseta Modal Tech,porta,Pijama Modal Preto - M,235
9301001322,Camiseta Manga Longa,porta,Camiseta ML Branca GT - P,235
5601001233,Suéter Zíper,porta,Suéter Tricot Cinza - M,234
8301001057,Camiseta Minimal,porta,Camiseta Bege - XXGG,233
8301001321,Camiseta Manga Longa,porta,Camiseta ML Branca - PP,232
8303004112,Outros Produtos,porta,Kit 3x Pares Meia Invisível Preta 39-43,231
4602002026,Calça Jeans 2.0,porta,Calça Jeans 2.0 Azul Claro 48,230
8302005223,Camisa Social Malha,porta,Camisa Social Malha Branca M,229
5601001146,Outros Produtos,porta,Suéter Minimal Azul - XGG,228
8302005112,Polo 1.0,porta,Camisa Polo Minimal 1.0,225
8301003213,Outros Produtos,porta,Short Nadar Preto - 40,225
8302015013,Camiseta Gola Alta Manga Curta,porta,Camiseta Gola Alta Pima Manga Curta M Preta,224
5601001244,Suéter Zíper,porta,Suéter Tricot Azul Marinho - G,223
8301007036,Calça Comfort,porta,Calça Comfort 48 Azul,223
8303003051,Camiseta Minimal,porta,Camiseta Verde Musgo - PP,223
5601001344,Suéter Classic 2026,porta,Suéter Classic Azul Marinho - G,222
8301006045,Calça Alfaiataria,porta,Calça Alfaiataria Minimal Cinza 46,221
8301001151,Camiseta Minimal,porta,Camiseta Bege - PP - GOLA V,221
8302006125,Produto desconhecido,desconhecido,,220
8301002086,Camiseta Minimal,porta,Camiseta Gola O XGG Rosa,220
8301005116,Camisa Social Tech Classics,porta,Camisa Social Preta - XGG,219
8301001417,Camiseta Manga Longa,porta,Camiseta ML Preta - XXGG - GOLA V,219
8302007111,Polo 2.0,porta,Camisa Polo 2.0 Preta - PP,219
4602002013,Calça Jeans 2.0,porta,Calça Jeans 2.0 Black 42,218
8302005034,Outros Produtos,porta,Bermuda Alfaiataria Azul Marinho 44,217
8401001047,Camiseta Fitness,porta,Camiseta Fitness Azul - XXGG,216
8302005033,Outros Produtos,porta,Bermuda Alfaiataria Azul Marinho 42,215
4602002021,Calça Jeans 2.0,porta,Calça Jeans 2.0 Azul Claro 38,214
4602002014,Calça Jeans 2.0,porta,Calça Jeans 2.0 Black 44,214
8302005014,Outros Produtos,porta,Bermuda Alfaiataria Preta 44,210
5601001253,Suéter Zíper,porta,Suéter Tricot Bege - M,210
8302005013,Outros Produtos,porta,Bermuda Alfaiataria Preta 42,209
5601002323,Jaqueta Westfield,porta,Jaqueta Westfield Marrom - M,209
9401001012,Camiseta Minimal,porta,Camiseta 2.0 P Preta,209
8302005024,Outros Produtos,porta,Bermuda Alfaiataria Caqui 44,209
8301002081,Camiseta Minimal,porta,Camiseta Gola O PP Rosa,207
8301006010,Outros Produtos,porta,Bracelete Classic Preta,204
8304001062,Polo Tricot,porta,Polo Tricot Verão 26 Off White - P,204
8401003012,Outros Produtos,porta,Bermuda Fitness Preta - P,204
8301007041,Calça Comfort,porta,Calça Comfort 38 Cinza,201
4602001046,Calça Jeans 1.0,porta,Calça Jeans Minimal Azul Médio 48,199
5601001166,Outros Produtos,porta,Suéter Minimal Off-White - XGG,196
8302005115,Polo 1.0,porta,Camisa Polo Minimal 1.0,195
8301007021,Calça Comfort,porta,Calça Comfort 38 Marrom,195
8301003244,Outros Produtos,porta,Short Nadar Azul Candy - 42,194
8303003057,Camiseta Minimal,porta,Camiseta Verde Musgo - XXGG,194
8303003042,Camiseta Minimal,porta,Camiseta Terracota - P,194
5601001015,Camiseta Modal Tech,porta,Pijama Modal Preto - GG,193
8301001174,Produto desconhecido,desconhecido,,193
8302005023,Outros Produtos,porta,Bermuda Alfaiataria Caqui 42,192
8401003135,Outros Produtos,porta,Short Academia Minimal GG Cinza,192
8302005244,Camisa Social Malha,porta,Camisa Social Malha Azul Marinho G,190
8301007016,Calça Comfort,porta,Calça Comfort 48 Preta,190
8301003233,Outros Produtos,porta,Short Nadar Areia - 40,190
8301001327,Camiseta Manga Longa,porta,Camiseta ML Branca - XXGG,190
8301003214,Outros Produtos,porta,Short Nadar Preto - 42,189
8302007147,Polo 2.0,porta,Camisa Polo 2.0 Azul Marinho - XXGG,187
8302016013,Camiseta Gola Alta Manga Longa,porta,Camiseta Gola Alta Pima Manga Longa M Preta,187
8301001422,Camiseta Manga Longa,porta,Camiseta ML Branca - P - GOLA V,187
8401003015,Outros Produtos,porta,Bermuda Fitness Preta - GG,187
8302007141,Polo 2.0,porta,Camisa Polo 2.0 Azul Marinho - PP,185
8302016014,Camiseta Gola Alta Manga Longa,porta,Camiseta Gola Alta Pima Manga Longa G Preta,184
8301001173,Produto desconhecido,desconhecido,,184
5601001274,Suéter Zíper,porta,Suéter Tricot Verde Militar - G,184
4602001041,Calça Jeans 1.0,porta,Calça Jeans Minimal Azul Médio 38,183
8304001022,Polo Tricot,porta,Polo Tricot Verão 26 Marrom - P,183
5601001024,Camiseta Modal Tech,porta,Pijama Modal Branco - G,181
8304001025,Polo Tricot,porta,Polo Tricot Verão 26 Marrom - GG,180
5601002434,Jaqueta Essential,porta,Jaqueta Essential Cinza Chumbo - G,180
5601002433,Jaqueta Essential,porta,Jaqueta Essential Cinza Chumbo - M,179
8301007031,Calça Comfort,porta,Calça Comfort 38 Azul,178
8301001411,Camiseta Manga Longa,porta,Camiseta ML Preta - PP - GOLA V,178
8302007126,Polo 2.0,porta,Camisa Polo 2.0 Branca - XGG,178
5601001273,Suéter Zíper,porta,Suéter Tricot Verde Militar - M,177
8301007026,Calça Comfort,porta,Calça Comfort 48 Marrom,177
8303003045,Camiseta Minimal,porta,Camiseta Terracota - GG,177
8301003143,Outros Produtos,porta,Short Nadar 2023 Azul - 40,175
8401003034,Outros Produtos,porta,Bermuda Fitness Cinza - G,173
8301003345,Outros Produtos,porta,Short Nadar Azul Marinho - GG,172
8401001315,Camiseta Fitness Manga Longa,porta,Camiseta Fitness ML Preta - GG,172
8302005214,Camisa Social Malha,porta,Camisa Social Malha Preta G,172
8303003021,Camiseta Minimal,porta,Camiseta Oliva - PP,171
8301007434,Calça Essential,porta,Calça Essential Cinza Chumbo - 42,171
8301001157,Camiseta Minimal,porta,Camiseta Bege - XXGG - GOLA V,171
5601002214,Outros Produtos,porta,Jaqueta Bomber Preta - G,171
5601002244,Outros Produtos,porta,Jaqueta Bomber Azul - G,170
8501002044,Outros Produtos,porta,Camisa Linho Azul Marinho - G,170
8883001075,Overshirt,porta,Overshirt Verde GG,169
8301003144,Outros Produtos,porta,Short Nadar 2023 Azul - 42,169
8301003174,Outros Produtos,porta,Short Nadar 2023 Verde Garrafa - 42,169
8301007444,Calça Essential,porta,Calça Essential Azul Marinho - 42,167
8302005234,Camisa Social Malha,porta,Camisa Social Malha Cinza G,166
8301003315,Outros Produtos,porta,Short Nadar Preto - GG,165
8401003033,Outros Produtos,porta,Bermuda Fitness Cinza - M,165
8302007117,Polo 2.0,porta,Camisa Polo 2.0 Preta - XXGG,165
8301003173,Outros Produtos,porta,Short Nadar 2023 Verde Garrafa - 40,164
5601002274,Outros Produtos,porta,Jaqueta Bomber Verde - G,161
8302006122,Produto desconhecido,desconhecido,,161
5601001264,Suéter Zíper,porta,Suéter Tricot Azul Claro - G,159
8301007011,Calça Comfort,porta,Calça Comfort 38 Preta,158
8302006014,Outros Produtos,porta,Cinto Minimal Dupla Face Preto/Marrom 95,158
5601002324,Jaqueta Westfield,porta,Jaqueta Westfield Marrom - G,157
8302015015,Camiseta Gola Alta Manga Curta,porta,Camiseta Gola Alta Pima Manga Curta GG Preta,157
5601001353,Suéter Classic 2026,porta,Suéter Classic Bege - M,157
8301003212,Outros Produtos,porta,Short Nadar Preto - 38,157
5601001212,Suéter Zíper,porta,Suéter Tricot Preto - P,157
8301001425,Camiseta Manga Longa,porta,Camiseta ML Branca - GG - GOLA V,157
8301001386,Camiseta Manga Longa,porta,Camiseta ML Bordo - XGG,156
8302005116,Polo 1.0,porta,Camisa Polo Minimal 1.0,156
5601002114,Produto desconhecido,desconhecido,,155
8301003374,Outros Produtos,porta,Short Nadar Verde Militar - G,154
8302005243,Camisa Social Malha,porta,Camisa Social Malha Azul Marinho M,154
8302015023,Camiseta Gola Alta Manga Curta,porta,Camiseta Gola Alta Pima Manga Curta M Branca,154
5601001354,Suéter Classic 2026,porta,Suéter Classic Bege - G,154
8301001381,Camiseta Manga Longa,porta,Camiseta ML Bordo - PP,154
8304001065,Polo Tricot,porta,Polo Tricot Verão 26 Off White - GG,154
5601001323,Suéter Classic 2026,porta,Suéter Classic Marrom - M,153
8301007443,Calça Essential,porta,Calça Essential Azul Marinho - 40,153
1301002012,BRINDE,brinde,Amostra Perfume único Black,152
8401003112,Outros Produtos,porta,Short Academia Minimal P Preto,150
8883001072,Overshirt,porta,Overshirt Verde P,148
8304001075,Polo Tricot,porta,Polo Tricot Verão 26 Verde - GG,148
8301003234,Outros Produtos,porta,Short Nadar Areia - 42,148
8301003012,Outros Produtos,porta,Bermuda Minimal Preta - P,147
8301001387,Camiseta Manga Longa,porta,Camiseta ML Bordo - XXGG,146
5601001023,Camiseta Modal Tech,porta,Pijama Modal Branco - M,145
8302005122,Polo 1.0,porta,Camisa Polo Minimal 1.0,144
8401001323,Camiseta Fitness Manga Longa,porta,Camiseta Fitness ML Branca - M,144
5601002213,Outros Produtos,porta,Jaqueta Bomber Preta - M,144
5601002113,Produto desconhecido,desconhecido,,144
8303006014,Outros Produtos,porta,Tênis Casual Preto - 41,144
8302006141,Produto desconhecido,desconhecido,,142
8302015024,Camiseta Gola Alta Manga Curta,porta,Camiseta Gola Alta Pima Manga Curta G Branca,141
8401001041,Camiseta Fitness,porta,Camiseta Fitness Azul - PP,141
8302005142,Polo 1.0,porta,Camisa Polo Minimal 1.0,140
8883001045,Overshirt,porta,Overshirt Azul Petróleo GG,140
5601001263,Suéter Zíper,porta,Suéter Tricot Azul Claro - M,140
8401003116,Outros Produtos,porta,Short Academia Minimal XGG Preto,139
8303003027,Camiseta Minimal,porta,Camiseta Oliva - XXGG,138
8401003016,Outros Produtos,porta,Bermuda Fitness Preta - XGG,138
8302005022,Outros Produtos,porta,Bermuda Alfaiataria Caqui 40,137
8302006147,Produto desconhecido,desconhecido,,136
5601001324,Suéter Classic 2026,porta,Suéter Classic Marrom - G,134
4602002015,Calça Jeans 2.0,porta,Calça Jeans 2.0 Black 46,134
8301003245,Outros Produtos,porta,Short Nadar Azul Candy - 44,134
5601002243,Outros Produtos,porta,Jaqueta Bomber Azul - M,134
8401001324,Camiseta Fitness Manga Longa,porta,Camiseta Fitness ML Branca - G,134
8302005213,Camisa Social Malha,porta,Camisa Social Malha Preta M,134
8302005145,Polo 1.0,porta,Camisa Polo Minimal 1.0,134
5601002273,Outros Produtos,porta,Jaqueta Bomber Verde - M,134
5601001232,Suéter Zíper,porta,Suéter Tricot Cinza - P,133
8883001011,Overshirt,porta,Overshirt Preto PP,132
8302016033,Camiseta Gola Alta Manga Longa,porta,Camiseta Gola Alta Pima Manga Longa M Marinho,131
8301005026,Produto desconhecido,desconhecido,,130
9401001016,Camiseta Minimal,porta,Camiseta 2.0 XGG Preta,130
8302005012,Outros Produtos,porta,Bermuda Alfaiataria Preta 40,129
8883001026,Overshirt,porta,Overshirt Marrom XGG,129
8303006013,Outros Produtos,porta,Tênis Casual Preto - 40,128
8301007433,Calça Essential,porta,Calça Essential Cinza Chumbo - 40,128
8302005032,Outros Produtos,porta,Bermuda Alfaiataria Azul Marinho 40,127
4602002012,Calça Jeans 2.0,porta,Calça Jeans 2.0 Black 40,126
8302005233,Camisa Social Malha,porta,Camisa Social Malha Cinza M,124
8301003215,Outros Produtos,porta,Short Nadar Preto - 44,123
8304001072,Polo Tricot,porta,Polo Tricot Verão 26 Verde - P,123
8883001066,Overshirt,porta,Overshirt Off-White XGG,122
8301003242,Outros Produtos,porta,Short Nadar Azul Candy - 38,121
8302006013,Outros Produtos,porta,Cinto Minimal Dupla Face Preto/Marrom 90,120
8301003175,Outros Produtos,porta,Short Nadar 2023 Verde Garrafa - 44,118
8302015034,Camiseta Gola Alta Manga Curta,porta,Camiseta Gola Alta Pima Manga Curta G Marinho,116
5601002442,Jaqueta Essential,porta,Jaqueta Essential Azul Marinho - P,116
8302006121,Produto desconhecido,desconhecido,,115
5601001215,Suéter Zíper,porta,Suéter Tricot Preto - GG,114
8301003232,Outros Produtos,porta,Short Nadar Areia - 38,113
8302005225,Camisa Social Malha,porta,Camisa Social Malha Branca GG,112
5601001252,Suéter Zíper,porta,Suéter Tricot Bege - P,112
8302006015,Outros Produtos,porta,Cinto Minimal Dupla Face Preto/Marrom 100,112
8301003014,Outros Produtos,porta,Bermuda Minimal Preta - G,111
8301003145,Outros Produtos,porta,Short Nadar 2023 Azul - 44,111
5601001342,Suéter Classic 2026,porta,Suéter Classic Azul Marinho - P,111
8303006015,Outros Produtos,porta,Tênis Casual Preto - 42,111
5601002445,Jaqueta Essential,porta,Jaqueta Essential Azul Marinho - GG,109
8301003023,Outros Produtos,porta,Bermuda Minimal Branca - M,109
8883001021,Overshirt,porta,Overshirt Marrom PP,109
8301007073,Calça Comfort,porta,Calça Comfort 42 Verde,109
8501001144,Outros Produtos,porta,Camisa Linho Azul 2024 - G,108
4701001114,Produto desconhecido,desconhecido,,108
8302016015,Camiseta Gola Alta Manga Longa,porta,Camiseta Gola Alta Pima Manga Longa GG Preta,107
4601001114,Produto desconhecido,desconhecido,,107
5601001242,Suéter Zíper,porta,Suéter Tricot Azul Marinho - P,106
4601001113,Produto desconhecido,desconhecido,,105
8302005125,Polo 1.0,porta,Camisa Polo Minimal 1.0,104
9301001321,Camiseta Manga Longa,porta,Camiseta ML Branca GT - PP,104
8302005025,Outros Produtos,porta,Bermuda Alfaiataria Caqui 46,104
4601001014,Produto desconhecido,desconhecido,,103
8301007435,Calça Essential,porta,Calça Essential Cinza Chumbo - 44,103
8501002074,Outros Produtos,porta,Camisa Linho Verde - G,103
8302015033,Camiseta Gola Alta Manga Curta,porta,Camiseta Gola Alta Pima Manga Curta M Marinho,102
8301003013,Outros Produtos,porta,Bermuda Minimal Preta - M,102
8302005215,Camisa Social Malha,porta,Camisa Social Malha Preta GG,102
8501001084,Outros Produtos,porta,Camisa Linho Goiaba  - G,102
4601001013,Produto desconhecido,desconhecido,,102
8301003373,Outros Produtos,porta,Short Nadar Verde Militar - M,101
8301003024,Outros Produtos,porta,Bermuda Minimal Branca - G,101
8302016034,Camiseta Gola Alta Manga Longa,porta,Camiseta Gola Alta Pima Manga Longa G Marinho,100
8501002043,Outros Produtos,porta,Camisa Linho Azul Marinho- M,99
8302005015,Outros Produtos,porta,Bermuda Alfaiataria Preta 46,99
8302006314,Outros Produtos,porta,Camisa Polo ML Preta - G,99
8401001312,Camiseta Fitness Manga Longa,porta,Camiseta Fitness ML Preta - P,99
8502001154,Produto desconhecido,desconhecido,,99
8301001175,Produto desconhecido,desconhecido,,99
5601001235,Suéter Zíper,porta,Suéter Tricot Cinza - GG,98
8301007074,Calça Comfort,porta,Calça Comfort 44 Verde,98
9401001025,Camiseta Minimal,porta,Camiseta 2.0 Branca - GG,97
8302005245,Camisa Social Malha,porta,Camisa Social Malha Azul Marinho GG,97
8301006046,Calça Alfaiataria,porta,Calça Alfaiataria Minimal Cinza 48,97
8301002087,Camiseta Minimal,porta,Camiseta Gola O XXGG Rosa,97
5601002353,Jaqueta Westfield,porta,Jaqueta Westfield Bege - M,96
5601001025,Camiseta Modal Tech,porta,Pijama Modal Branco - GG,96
8301007445,Calça Essential,porta,Calça Essential Azul Marinho - 44,95
8301001172,Produto desconhecido,desconhecido,,95
4701001113,Produto desconhecido,desconhecido,,95
8302015054,Camiseta Gola Alta Manga Curta,porta,Camiseta Gola Alta Pima Manga Curta G Bege,94
8302006126,Produto desconhecido,desconhecido,,94
5601002473,Jaqueta Essential,porta,Jaqueta Essential Verde - M,94
5601001245,Suéter Zíper,porta,Suéter Tricot Azul Marinho - GG,93
8302007121,Polo 2.0,porta,Camisa Polo 2.0 Branca - PP,93
8302005035,Outros Produtos,porta,Bermuda Alfaiataria Azul Marinho 46,92
8501002024,Outros Produtos,porta,Camisa Linho Branca - G,92
8301001426,Camiseta Manga Longa,porta,Camiseta ML Branca - XGG - GOLA V,92
8501001054,Outros Produtos,porta,Camisa Linho Bege - G,91
5601002245,Outros Produtos,porta,Jaqueta Bomber Azul - GG,91
8301001183,Camiseta Minimal,porta,Camiseta Bordo - M - GOLA V,90
8302005117,Polo 1.0,porta,Camisa Polo Minimal 1.0,90
8301003312,Outros Produtos,porta,Short Nadar Preto - P,89
8302015012,Camiseta Gola Alta Manga Curta,porta,Camiseta Gola Alta Pima Manga Curta P Preta,89
8301003216,Outros Produtos,porta,Short Nadar Preto - 46,89
8401003032,Outros Produtos,porta,Bermuda Fitness Cinza - P,89
8401003136,Outros Produtos,porta,Short Academia Minimal XGG Cinza,88
5601002275,Outros Produtos,porta,Jaqueta Bomber Verde - GG,88
5601002343,Jaqueta Westfield,porta,Jaqueta Westfield Azul Marinho - M,88
8301006041,Calça Alfaiataria,porta,Calça Alfaiataria Minimal Cinza 38,88
8501001023,Outros Produtos,porta,Camiseta Linho Branca - M,85
5601002432,Jaqueta Essential,porta,Jaqueta Essential Cinza Chumbo - P,85
8302001055,Outros Produtos,porta,Calça Verão Areia - 44,85
8301003235,Outros Produtos,porta,Short Nadar Areia - 44,85
5601002215,Outros Produtos,porta,Jaqueta Bomber Preta - GG,83
8301003375,Outros Produtos,porta,Short Nadar Verde Militar - GG,83
8501001145,Outros Produtos,porta,Camisa Linho Azul 2024 - GG,83
8302005146,Polo 1.0,porta,Camisa Polo Minimal 1.0,83
8501001074,Outros Produtos,porta,Camiseta Linho Verde Garrafa - G,83
8302005235,Camisa Social Malha,porta,Camisa Social Malha Cinza GG,82
5601002115,Produto desconhecido,desconhecido,,82
8401003035,Outros Produtos,porta,Bermuda Fitness Cinza - GG,82
5601002474,Jaqueta Essential,porta,Jaqueta Essential Verde - G,82
8301001184,Camiseta Minimal,porta,Camiseta Bordo - G - GOLA V,81
5601002354,Jaqueta Westfield,porta,Jaqueta Westfield Bege - G,81
8302006344,Outros Produtos,porta,Camisa Polo ML Azul Marinho - G,81
5601001345,Suéter Classic 2026,porta,Suéter Classic Azul Marinho - GG,81
8302001025,Outros Produtos,porta,Calça Verão Marrom - 44,80
8302006016,Outros Produtos,porta,Cinto Minimal Dupla Face Preto/Marrom 105,80
8302015053,Camiseta Gola Alta Manga Curta,porta,Camiseta Gola Alta Pima Manga Curta M Bege,79
8401002324,Camiseta Fitness Manga Longa,porta,Camiseta Fitness ML Branco & Preto - G,79
8304001026,Polo Tricot,porta,Polo Tricot Verão 26 Marrom - XGG,79
8401001316,Camiseta Fitness Manga Longa,porta,Camiseta Fitness ML Preta - XGG,79
8501001044,Outros Produtos,porta,Camiseta Linho Azul - G,79
8501001022,Outros Produtos,porta,Camiseta Linho Branca - P,79
8301003176,Outros Produtos,porta,Short Nadar 2023 Verde Garrafa - 46,79
8303006016,Outros Produtos,porta,Tênis Casual Preto - 43,79
5601002144,Produto desconhecido,desconhecido,,79
4601001124,Produto desconhecido,desconhecido,,79
8302007127,Polo 2.0,porta,Camisa Polo 2.0 Branca - XXGG,79
9401001022,Camiseta Minimal,porta,Camiseta 2.0 Branca - P,79
5601001255,Suéter Zíper,porta,Suéter Tricot Bege - GG,79
5601002112,Produto desconhecido,desconhecido,,78
5601002322,Jaqueta Westfield,porta,Jaqueta Westfield Marrom - P,77
5601002344,Jaqueta Westfield,porta,Jaqueta Westfield Azul Marinho - G,77
8302016023,Camiseta Gola Alta Manga Longa,porta,Camiseta Gola Alta Pima Manga Longa M Branca,77
5601001275,Suéter Zíper,porta,Suéter Tricot Verde Militar - GG,77
9401001011,Camiseta Minimal,porta,Camiseta 2.0 PP Preta,77
8503002154,Outros Produtos,porta,Bermuda Verão Bege - G,77
4601001123,Produto desconhecido,desconhecido,,75
8302005011,Outros Produtos,porta,Bermuda Alfaiataria Preta 38,75
8302016053,Camiseta Gola Alta Manga Longa,porta,Camiseta Gola Alta Pima Manga Longa M Marrom,75
8501002045,Outros Produtos,porta,Camisa Linho Azul Marinho - GG,75
8302006127,Produto desconhecido,desconhecido,,75
8502001144,Produto desconhecido,desconhecido,,74
8503002175,Outros Produtos,porta,Bermuda Verão Verde - GG,74
8302006012,Outros Produtos,porta,Cinto Minimal Dupla Face Preto/Marrom 85,74
8301003346,Outros Produtos,porta,Short Nadar Azul Marinho - XGG,74
8302001054,Outros Produtos,porta,Calça Verão Areia - 42,74
8501001024,Outros Produtos,porta,Camiseta Linho Branca - G,73
4601001024,Produto desconhecido,desconhecido,,73
8301001193,Camiseta Minimal,porta,Camiseta Mescla - M - GOLA V,73
8881001023,Produto desconhecido,desconhecido,,73
8302015035,Camiseta Gola Alta Manga Curta,porta,Camiseta Gola Alta Pima Manga Curta GG Marinho,73
8301003316,Outros Produtos,porta,Short Nadar Preto - XGG,73
8501002023,Outros Produtos,porta,Camisa Linho Branca - M,73
8302016054,Camiseta Gola Alta Manga Longa,porta,Camiseta Gola Alta Pima Manga Longa G Marrom,72
8503002174,Outros Produtos,porta,Bermuda Verão Verde - G,72
8302015025,Camiseta Gola Alta Manga Curta,porta,Camiseta Gola Alta Pima Manga Curta GG Branca,72
8302001024,Outros Produtos,porta,Calça Verão Marrom - 42,72
8302016012,Camiseta Gola Alta Manga Longa,porta,Camiseta Gola Alta Pima Manga Longa P Preta,72
8301003142,Outros Produtos,porta,Short Nadar 2023 Azul - 38,72
8301001421,Camiseta Manga Longa,porta,Camiseta ML Branca - PP - GOLA V,72
5601001016,Camiseta Modal Tech,porta,Pijama Modal Preto - XGG,71
8301003342,Outros Produtos,porta,Short Nadar Azul Marinho - P,71
5601001272,Suéter Zíper,porta,Suéter Tricot Verde Militar - P,71
8304001066,Polo Tricot,porta,Polo Tricot Verão 26 Off White - XGG,70
8401003132,Outros Produtos,porta,Short Academia Minimal P Cinza,70
4701001124,Produto desconhecido,desconhecido,,70
8303006065,Outros Produtos,porta,Tênis Casual Off White - 42,70
5601002325,Jaqueta Westfield,porta,Jaqueta Westfield Marrom - GG,70
8302016024,Camiseta Gola Alta Manga Longa,porta,Camiseta Gola Alta Pima Manga Longa G Branca,69
8883001042,Overshirt,porta,Overshirt Azul Petróleo P,68
8302005126,Polo 1.0,porta,Camisa Polo Minimal 1.0,68
8883001076,Overshirt,porta,Overshirt Verde XGG,68
4601001023,Produto desconhecido,desconhecido,,68
8301007474,Calça Essential,porta,Calça Essential Verde - 42,68
8304001076,Polo Tricot,porta,Polo Tricot Verão 26 Verde - XGG,68
4601001012,Produto desconhecido,desconhecido,,68
8301003146,Outros Produtos,porta,Short Nadar 2023 Azul - 46,67
8501001142,Outros Produtos,porta,Camisa Linho Azul 2024 - P,66
4601001112,Produto desconhecido,desconhecido,,66
8302005021,Outros Produtos,porta,Bermuda Alfaiataria Caqui 38,66
8501001055,Outros Produtos,porta,Camisa Linho Bege - GG,66
8301001427,Camiseta Manga Longa,porta,Camiseta ML Branca - XXGG - GOLA V,66
5601001265,Suéter Zíper,porta,Suéter Tricot Azul Claro - GG,66
8301003246,Outros Produtos,porta,Short Nadar Azul Candy - 46,65
8302006343,Outros Produtos,porta,Camisa Polo ML Azul Marinho - M,65
8301001194,Camiseta Minimal,porta,Camiseta Mescla - G - GOLA V,65
5601001012,Camiseta Modal Tech,porta,Pijama Modal Preto - P,65
8302006017,Outros Produtos,porta,Cinto Minimal Dupla Face Preto/Marrom 110,64
5601002435,Jaqueta Essential,porta,Jaqueta Essential Cinza Chumbo - GG,64
9401001017,Camiseta Minimal,porta,Camiseta 2.0 XXGG Preta,64
8501003024,Outros Produtos,porta,Bermuda Linho Branca - G,64
8503002155,Outros Produtos,porta,Bermuda Verão Bege - GG,64
5601001352,Suéter Classic 2026,porta,Suéter Classic Bege - P,63
8502001184,Produto desconhecido,desconhecido,,63
8501001043,Outros Produtos,porta,Camiseta Linho Azul - M,62
8301003015,Outros Produtos,porta,Bermuda Minimal Preta - GG,62
8302015016,Camiseta Gola Alta Manga Curta,porta,Camiseta Gola Alta Pima Manga Curta XGG Preta,62
8503002153,Outros Produtos,porta,Bermuda Verão Bege - M,62
8401002323,Camiseta Fitness Manga Longa,porta,Camiseta Fitness ML Branco & Preto - M,61
8303006064,Outros Produtos,porta,Tênis Casual Off White - 41,61
8301007053,Calça Comfort,porta,Calça Comfort 42 Caqui,60
4602002016,Calça Jeans 2.0,porta,Calça Jeans 2.0 Black 48,60
8302006313,Outros Produtos,porta,Camisa Polo ML Preta - M,60
8302005031,Outros Produtos,porta,Bermuda Alfaiataria Azul Marinho 38,60
4602002011,Calça Jeans 2.0,porta,Calça Jeans 2.0 Black 38,59
5601001355,Suéter Classic 2026,porta,Suéter Classic Bege - GG,59
8502001153,Produto desconhecido,desconhecido,,59
8301007442,Calça Essential,porta,Calça Essential Azul Marinho - 38,58
8303003046,Camiseta Minimal,porta,Camiseta Terracota - XGG,58
CamiseAnjosFrach04,Produto desconhecido,desconhecido,,58
8301007473,Calça Essential,porta,Calça Essential Verde - 40,58
8302016035,Camiseta Gola Alta Manga Longa,porta,Camiseta Gola Alta Pima Manga Longa GG Marinho,57
4701001123,Produto desconhecido,desconhecido,,57
8401003036,Outros Produtos,porta,Bermuda Fitness Cinza - XGG,57
8301007072,Calça Comfort,porta,Calça Comfort 40 Verde,57
5601002446,Jaqueta Essential,porta,Jaqueta Essential Azul Marinho - XGG,57
8302005026,Outros Produtos,porta,Bermuda Alfaiataria Caqui 48,56
8501001052,Outros Produtos,porta,Camisa Linho Bege - P,56
8301007446,Calça Essential,porta,Calça Essential Azul Marinho - 46,56
8301007436,Calça Essential,porta,Calça Essential Cinza Chumbo - 46,55
8883001061,Overshirt,porta,Overshirt Off-White PP,55
8401001311,Camiseta Fitness Manga Longa,porta,Camiseta Fitness ML Preta - PP,55
5601001262,Suéter Zíper,porta,Suéter Tricot Azul Claro - P,55
8501002075,Outros Produtos,porta,Camisa Linho Verde - GG,55
8401001325,Camiseta Fitness Manga Longa,porta,Camiseta Fitness ML Branca - GG,55
8502001155,Produto desconhecido,desconhecido,,55
8501003074,Outros Produtos,porta,Bermuda Linho Verde - G,54
8301007054,Calça Comfort,porta,Calça Comfort 44 Caqui,54
5601001325,Suéter Classic 2026,porta,Suéter Classic Marrom - GG,54
8301007432,Calça Essential,porta,Calça Essential Cinza Chumbo - 38,54
5601002212,Outros Produtos,porta,Jaqueta Bomber Preta - P,53
8302015022,Camiseta Gola Alta Manga Curta,porta,Camiseta Gola Alta Pima Manga Curta P Branca,53
8501002073,Outros Produtos,porta,Camisa Linho Verde - M,53
CamiseAnjosFrach03,Produto desconhecido,desconhecido,,53
8303003041,Camiseta Minimal,porta,Camiseta Terracota - PP,52
8301003236,Outros Produtos,porta,Short Nadar Areia - 46,52
8302005222,Camisa Social Malha,porta,Camisa Social Malha Branca P,52
5601001236,Suéter Zíper,porta,Suéter Tricot Cinza - XGG,52
5601001216,Suéter Zíper,porta,Suéter Tricot Preto - XGG,52
5601001322,Suéter Classic 2026,porta,Suéter Classic Marrom - P,52
5601002242,Outros Produtos,porta,Jaqueta Bomber Azul - P,51
8303003047,Camiseta Minimal,porta,Camiseta Terracota - XXGG,51
8501001025,Outros Produtos,porta,Camiseta Linho Branca - GG,51
8301005174,Camisa Social Tech Classics,porta,Camisa Social G Verde,51
8303004222,Outros Produtos,porta,Kit 3x Pares Meia Cano Alto Branca 39-43,50
5601001017,Camiseta Modal Tech,porta,Pijama Modal Preto - XXGG,50
8301001182,Camiseta Minimal,porta,Camiseta Bordo - P - GOLA V,50
8302016016,Camiseta Gola Alta Manga Longa,porta,Camiseta Gola Alta Pima Manga Longa XGG Preta,49
8501001042,Outros Produtos,porta,Camiseta Linho Azul - P,49
8501002025,Outros Produtos,porta,Camisa Linho Branca - GG,48
caixainflu,Outros Produtos,porta,Caixa Influenciador,48
9301001326,Camiseta Manga Longa,porta,Camiseta ML Branca GT - XGG,48
8301003172,Outros Produtos,porta,Short Nadar 2023 Verde Garrafa - 38,48
8303004022,Outros Produtos,porta,Kit 3x Pares Meia Cano Curto Branca 39-43,48
8501002042,Outros Produtos,porta,Camisa Linho Azul Marinho - P,48
8501003023,Outros Produtos,porta,Bermuda Linho Branca - M,47
8401002325,Camiseta Fitness Manga Longa,porta,Camiseta Fitness ML Branco & Preto - GG,47
8301007075,Calça Comfort,porta,Calça Comfort 46 Verde,47
8501001073,Outros Produtos,porta,Camiseta Linho Verde Garrafa - M,47
8302015055,Camiseta Gola Alta Manga Curta,porta,Camiseta Gola Alta Pima Manga Curta GG Bege,47
8302015011,Camiseta Gola Alta Manga Curta,porta,Camiseta Gola Alta Pima Manga Curta PP Preta,47
8302005111,Produto desconhecido,desconhecido,,46
8302006315,Outros Produtos,porta,Camisa Polo ML Preta - GG,46
8302005226,Camisa Social Malha,porta,Camisa Social Malha Branca XGG,46
5601002272,Outros Produtos,porta,Jaqueta Bomber Verde - P,46
8501003073,Outros Produtos,porta,Bermuda Linho Verde - M,45
5601002134,Produto desconhecido,desconhecido,,45
8503002173,Outros Produtos,porta,Bermuda Verão Verde - M,45
CamiseAnjosFrach10,Produto desconhecido,desconhecido,,45
5601001246,Suéter Zíper,porta,Suéter Tricot Azul Marinho - XGG,45
8302006345,Outros Produtos,porta,Camisa Polo ML Azul Marinho - GG,45
5601002342,Jaqueta Westfield,porta,Jaqueta Westfield Azul Marinho - P,44
8303006012,Outros Produtos,porta,Tênis Casual Preto - 39,44
8883001046,Overshirt,porta,Overshirt Azul Petróleo XGG,44
8501001085,Outros Produtos,porta,Camisa Linho Goiaba - GG,44
8302005036,Outros Produtos,porta,Bermuda Alfaiataria Azul Marinho 48,44
8303006063,Outros Produtos,porta,Tênis Casual Off White - 40,44
9301001423,Camiseta Manga Longa,porta,Camiseta ML Branca GT - M - GOLA V,44
5601001346,Suéter Classic 2026,porta,Suéter Classic Azul Marinho - XGG,43
8302001053,Outros Produtos,porta,Calça Verão Areia - 40,43
8502001145,Produto desconhecido,desconhecido,,43
5601002143,Produto desconhecido,desconhecido,,43
CamiseAnjosFrach11,Produto desconhecido,desconhecido,,42
8302016025,Camiseta Gola Alta Manga Longa,porta,Camiseta Gola Alta Pima Manga Longa GG Branca,42
8301001192,Camiseta Minimal,porta,Camiseta Mescla - P - GOLA V,42
4701001112,Produto desconhecido,desconhecido,,42
8301003016,Outros Produtos,porta,Bermuda Minimal Preta - XGG,42
8301005134,Camisa Social Tech Classics,porta,Camisa Social G Cinza,42
8301001067,Camiseta Minimal,porta,Camiseta Off-White - XXGG,42
5601001276,Suéter Zíper,porta,Suéter Tricot Verde Militar - XGG,41
8501001143,Outros Produtos,porta,Camisa Linho Azul 2024 - M,41
8301003022,Outros Produtos,porta,Bermuda Minimal Branca - P,41
4601001116,Produto desconhecido,desconhecido,,40
5601002436,Jaqueta Essential,porta,Jaqueta Essential Cinza Chumbo - XGG,40
8501001053,Outros Produtos,porta,Camisa Linho Bege- M,40
5601002475,Jaqueta Essential,porta,Jaqueta Essential Verde - GG,40
8302016055,Camiseta Gola Alta Manga Longa,porta,Camiseta Gola Alta Pima Manga Longa GG Marrom,40
5601002133,Produto desconhecido,desconhecido,,39
8302001023,Outros Produtos,porta,Calça Verão Marrom - 40,39
8302006312,Outros Produtos,porta,Camisa Polo ML Preta - P,38
8301005173,Camisa Social Tech Classics,porta,Camisa Social M Verde,38
5601002345,Jaqueta Westfield,porta,Jaqueta Westfield Azul Marinho - GG,38
8401001322,Camiseta Fitness Manga Longa,porta,Camiseta Fitness ML Branca - P,37
8302005216,Camisa Social Malha,porta,Camisa Social Malha Preta XGG,37
giftcard03,Produto desconhecido,desconhecido,,37
8301007475,Calça Essential,porta,Calça Essential Verde - 44,37
8302006333,Outros Produtos,porta,Camisa Polo ML Branca - M,37
8302005016,Outros Produtos,porta,Bermuda Alfaiataria Preta 48,36
8401001317,Camiseta Fitness Manga Longa,porta,Camiseta Fitness ML Preta - XXGG,36
8301003372,Outros Produtos,porta,Short Nadar Verde Militar - P,36
8301003026,Outros Produtos,porta,Bermuda Minimal Branca - XGG,36
8883001071,Overshirt,porta,Overshirt Verde PP,36
5601001256,Suéter Zíper,porta,Suéter Tricot Bege - XGG,36
8301001185,Camiseta Minimal,porta,Camiseta Bordo - GG - GOLA V,36
8502001185,Produto desconhecido,desconhecido,,35
8301007052,Calça Comfort,porta,Calça Comfort 40 Caqui,35
8301003025,Outros Produtos,porta,Bermuda Minimal Branca - GG,35
8501003075,Outros Produtos,porta,Bermuda Linho Verde - GG,35
8301001177,Produto desconhecido,desconhecido,,35
8302005242,Camisa Social Malha,porta,Camisa Social Malha Azul Marinho P,35
8501001082,Outros Produtos,porta,Camisa Linho Goiaba  - P,35
5601002326,Jaqueta Westfield,porta,Jaqueta Westfield Marrom - XGG,35
8501002046,Outros Produtos,porta,Camisa Linho Azul Marinho - XGG,35
8301003376,Outros Produtos,porta,Short Nadar Verde Militar - XGG,35
8302005232,Camisa Social Malha,porta,Camisa Social Malha Cinza P,35
8301001176,Produto desconhecido,desconhecido,,34
8303006066,Outros Produtos,porta,Tênis Casual Off White - 43,34
8502001143,Produto desconhecido,desconhecido,,34
4601001016,Produto desconhecido,desconhecido,,34
8302006342,Outros Produtos,porta,Camisa Polo ML Azul Marinho - P,34
8501002022,Outros Produtos,porta,Camisa Linho Branca - P,34
4701001116,Produto desconhecido,desconhecido,,33
8302015017,Camiseta Gola Alta Manga Curta,porta,Camiseta Gola Alta Pima Manga Curta XXGG Preta,33
8401001326,Camiseta Fitness Manga Longa,porta,Camiseta Fitness ML Branca - XGG,33
8501003025,Outros Produtos,porta,Bermuda Linho Branca - GG,33
8501001072,Outros Produtos,porta,Camiseta Linho Verde Garrafa - P,33
5601002472,Jaqueta Essential,porta,Jaqueta Essential Verde - P,32
8302016032,Camiseta Gola Alta Manga Longa,porta,Camiseta Gola Alta Pima Manga Longa P Marinho,32
5601002355,Jaqueta Westfield,porta,Jaqueta Westfield Bege - GG,32
4701001115,Produto desconhecido,desconhecido,,32
5601002447,Jaqueta Essential,porta,Jaqueta Essential Azul Marinho - XXGG,31
8301001171,Produto desconhecido,desconhecido,,31
8302006334,Outros Produtos,porta,Camisa Polo ML Branca - G,31
8302001056,Outros Produtos,porta,Calça Verão Areia - 46,31
4601001025,Produto desconhecido,desconhecido,,31
8302005246,Camisa Social Malha,porta,Camisa Social Malha Azul Marinho XGG,31
8883001041,Overshirt,porta,Overshirt Azul Petróleo PP,31
8501001083,Outros Produtos,porta,Camisa Linho Goiaba - M,31
8301001064,Camiseta Minimal,porta,Camiseta Off-White - G,30
5601001026,Camiseta Modal Tech,porta,Pijama Modal Branco - XGG,30
8501003072,Outros Produtos,porta,Bermuda Linho Verde - P,30
4601001125,Produto desconhecido,desconhecido,,30
8301007437,Calça Essential,porta,Calça Essential Cinza Chumbo - 48,30
5601001356,Suéter Classic 2026,porta,Suéter Classic Bege - XGG,30
8302015032,Camiseta Gola Alta Manga Curta,porta,Camiseta Gola Alta Pima Manga Curta P Marinho,30
9301001421,Camiseta Manga Longa,porta,Camiseta ML Branca GT - PP - GOLA V,30
8501003026,Outros Produtos,porta,Bermuda Linho Branca - XGG,30
5601001022,Camiseta Modal Tech,porta,Pijama Modal Branco - P,29
8302005212,Camisa Social Malha,porta,Camisa Social Malha Preta P,29
5601001266,Suéter Zíper,porta,Suéter Tricot Azul Claro - XGG,29
4601001115,Produto desconhecido,desconhecido,,29
8501003076,Outros Produtos,porta,Bermuda Linho Verde - XGG,29
4601001022,Produto desconhecido,desconhecido,,29
8301005133,Camisa Social Tech Classics,porta,Camisa Social M Cinza,29
8503002176,Outros Produtos,porta,Bermuda Verão Verde - XGG,29
8501001075,Outros Produtos,porta,Camiseta Linho Verde Garrafa - GG,29
CamiseAnjosFrach12,Produto desconhecido,desconhecido,,29
8502001152,Produto desconhecido,desconhecido,,28
8302015021,Camiseta Gola Alta Manga Curta,porta,Camiseta Gola Alta Pima Manga Curta PP Branca,28
8501001045,Outros Produtos,porta,Camiseta Linho Azul - GG,28
8302005127,Polo 1.0,porta,Camisa Polo Minimal 1.0,28
5601002135,Produto desconhecido,desconhecido,,28
5601002132,Produto desconhecido,desconhecido,,27
8302015052,Camiseta Gola Alta Manga Curta,porta,Camiseta Gola Alta Pima Manga Curta P Bege,27
8301001063,Camiseta Minimal,porta,Camiseta Off-White - M,27
8501001086,Outros Produtos,porta,Camisa Linho Goiaba - XGG,27
8301007472,Calça Essential,porta,Calça Essential Verde - 38,26
CamiseAnjosFrach01,Produto desconhecido,desconhecido,,26
4601001015,Produto desconhecido,desconhecido,,26
8301007076,Calça Comfort,porta,Calça Comfort 48 Verde,26
5601001011,Camiseta Modal Tech,porta,Pijama Modal Preto - PP,26
8401001321,Camiseta Fitness Manga Longa,porta,Camiseta Fitness ML Branca - PP,26
8501003022,Outros Produtos,porta,Bermuda Linho Branca - P,26
8302005147,Polo 1.0,porta,Camisa Polo Minimal 1.0,25
8401002322,Camiseta Fitness Manga Longa,porta,Camiseta Fitness ML Branco & Preto - P,25
8303006011,Outros Produtos,porta,Tênis Casual Preto - 38,25
4701001122,Produto desconhecido,desconhecido,,25
8302015036,Camiseta Gola Alta Manga Curta,porta,Camiseta Gola Alta Pima Manga Curta XGG Marinho,25
5601002145,Produto desconhecido,desconhecido,,24
8301001195,Camiseta Minimal,porta,Camiseta Mescla - GG - GOLA V,24
8502001142,Produto desconhecido,desconhecido,,24
8301007055,Calça Comfort,porta,Calça Comfort 46 Caqui,24
8303004122,Outros Produtos,porta,Kit 3x Pares Meia Invisível Branca 39-43,24
5601001326,Suéter Classic 2026,porta,Suéter Classic Marrom - XGG,24
8501001146,Outros Produtos,porta,Camisa Linho Azul 2024 - XGG,24
5601002352,Jaqueta Westfield,porta,Jaqueta Westfield Bege - P,24
8501002076,Outros Produtos,porta,Camisa Linho Verde - XGG,24
4601001126,Produto desconhecido,desconhecido,,23
4601001122,Produto desconhecido,desconhecido,,23
8501002026,Outros Produtos,porta,Camisa Linho Branca - XGG,22
8302005121,Produto desconhecido,desconhecido,,22
8502001146,Produto desconhecido,desconhecido,,22
8301005175,Camisa Social Tech Classics,porta,Camisa Social GG Verde,22
8302001026,Outros Produtos,porta,Calça Verão Marrom - 46,22
9301001327,Camiseta Manga Longa,porta,Camiseta ML Branca GT - XXGG,22
8301001187,Camiseta Minimal,porta,Camiseta Bordo - XXGG - GOLA V,22
CamiseAnjosFrach02,Produto desconhecido,desconhecido,,21
8301001196,Camiseta Minimal,porta,Camiseta Mescla - XGG - GOLA V,21
8501001076,Outros Produtos,porta,Camiseta Linho Verde Garrafa - XGG,21
8301007071,Calça Comfort,porta,Calça Comfort 38 Verde,21
8301007447,Calça Essential,porta,Calça Essential Azul Marinho - 48,21
4701001126,Produto desconhecido,desconhecido,,21
8301001164,Camiseta Minimal,porta,Camiseta Off-White - G - GOLA V,21
8303006062,Outros Produtos,porta,Tênis Casual Off White - 39,21
5601002437,Jaqueta Essential,porta,Jaqueta Essential Cinza Chumbo - XXGG,21
8302005236,Camisa Social Malha,porta,Camisa Social Malha Cinza XGG,21
8503002156,Outros Produtos,porta,Bermuda Verão Bege - XGG,20
8302001052,Outros Produtos,porta,Calça Verão Areia - 38,20
9401001021,Camiseta Minimal,porta,Camiseta 2.0 Branca - PP,20
8302005221,Camisa Social Malha,porta,Camisa Social Malha Branca PP,20
8302015031,Camiseta Gola Alta Manga Curta,porta,Camiseta Gola Alta Pima Manga Curta PP Marinho,20
8302006335,Outros Produtos,porta,Camisa Polo ML Branca - GG,19
8301001186,Camiseta Minimal,porta,Camiseta Bordo - XGG - GOLA V,19
8302015026,Camiseta Gola Alta Manga Curta,porta,Camiseta Gola Alta Pima Manga Curta XGG Branca,19
8302016036,Camiseta Gola Alta Manga Longa,porta,Camiseta Gola Alta Pima Manga Longa XGG Marinho,19
5601002327,Jaqueta Westfield,porta,Jaqueta Westfield Marrom - XXGG,19
8302006316,Outros Produtos,porta,Camisa Polo ML Preta - XGG,19
8302006346,Outros Produtos,porta,Camisa Polo ML Azul Marinho - XGG,19
8501002072,Outros Produtos,porta,Camisa Linho Verde - P,19
8502001182,Produto desconhecido,desconhecido,,19
8302005141,Produto desconhecido,desconhecido,,19
9401001026,Camiseta Minimal,porta,Camiseta 2.0 Branca - XGG,19
8301005172,Camisa Social Tech Classics,porta,Camisa Social P Verde,18
8302006347,Outros Produtos,porta,Camisa Polo ML Azul Marinho - XXGG,18
8302006332,Outros Produtos,porta,Camisa Polo ML Branca - P,18
8502001156,Produto desconhecido,desconhecido,,18
8302016017,Camiseta Gola Alta Manga Longa,porta,Camiseta Gola Alta Pima Manga Longa XXGG Preta,18
8302016011,Camiseta Gola Alta Manga Longa,porta,Camiseta Gola Alta Pima Manga Longa PP Preta,18
8502001183,Produto desconhecido,desconhecido,,18
8301005135,Camisa Social Tech Classics,porta,Camisa Social GG Cinza,18
8302016026,Camiseta Gola Alta Manga Longa,porta,Camiseta Gola Alta Pima Manga Longa XGG Branca,18
4601001026,Produto desconhecido,desconhecido,,17
sacolaG,Produto desconhecido,desconhecido,,17
8501001026,Outros Produtos,porta,Camiseta Linho Branca - XGG,17
8302006317,Outros Produtos,porta,Camisa Polo ML Preta - XXGG,17
8302001022,Outros Produtos,porta,Calça Verão Marrom - 38,17
8401002326,Camiseta Fitness Manga Longa,porta,Camiseta Fitness ML Branco & Preto - XGG,16
8302015056,Camiseta Gola Alta Manga Curta,porta,Camiseta Gola Alta Pima Manga Curta XGG Bege,16
8301001181,Camiseta Minimal,porta,Camiseta Bordo - PP - GOLA V,16
8501001056,Outros Produtos,porta,Camisa Linho Bege - XGG,16
8301005132,Camisa Social Tech Classics,porta,Camisa Social P Cinza,16
8401001327,Camiseta Fitness Manga Longa,porta,Camiseta Fitness ML Branca - XXGG,15
8302015037,Camiseta Gola Alta Manga Curta,porta,Camiseta Gola Alta Pima Manga Curta XXGG Marinho,15
8301007476,Calça Essential,porta,Calça Essential Verde - 46,15
CamiseAnjosFrach05,Produto desconhecido,desconhecido,,15
8501001046,Outros Produtos,porta,Camiseta Linho Azul - XGG,15
5601002356,Jaqueta Westfield,porta,Jaqueta Westfield Bege - XGG,14
8302006311,Outros Produtos,porta,Camisa Polo ML Preta - PP,14
8302007344,Outros Produtos,porta,Camisetas Polo Manga Longa 2.0 G Azul,14
8302007314,Outros Produtos,porta,Camisetas Polo Manga Longa 2.0 G Preta,14
8301001191,Camiseta Minimal,porta,Camiseta Mescla - PP - GOLA V,14
8302016022,Camiseta Gola Alta Manga Longa,porta,Camiseta Gola Alta Pima Manga Longa P Branca,14
8302016037,Camiseta Gola Alta Manga Longa,porta,Camiseta Gola Alta Pima Manga Longa XXGG Marinho,14
8302005241,Camisa Social Malha,porta,Camisa Social Malha Azul Marinho PP,14
4701001125,Produto desconhecido,desconhecido,,14
8302016056,Camiseta Gola Alta Manga Longa,porta,Camiseta Gola Alta Pima Manga Longa XGG Marrom,13
5601001021,Camiseta Modal Tech,porta,Pijama Modal Branco - PP,13
8302007315,Outros Produtos,porta,Camisetas Polo Manga Longa 2.0 GG Preta,13
5601002347,Jaqueta Westfield,porta,Jaqueta Westfield Azul Marinho - XXGG,13
8301007056,Calça Comfort,porta,Calça Comfort 48 Caqui,13
5601002142,Produto desconhecido,desconhecido,,13
5601002476,Jaqueta Essential,porta,Jaqueta Essential Verde - XGG,13
8302016052,Camiseta Gola Alta Manga Longa,porta,Camiseta Gola Alta Pima Manga Longa P Marrom,13
8302015051,Camiseta Gola Alta Manga Curta,porta,Camiseta Gola Alta Pima Manga Curta PP Bege,13
8302004112,Produto desconhecido,desconhecido,,13
8503002172,Outros Produtos,porta,Bermuda Verão Verde - P,12
CamiseAnjosFrach09,Produto desconhecido,desconhecido,,12
CamiseAnjosFrach08,Produto desconhecido,desconhecido,,12
8302006336,Outros Produtos,porta,Camisa Polo ML Branca - XGG,12
8301001062,Camiseta Minimal,porta,Camiseta Off-White - P,12
8401002327,Camiseta Fitness Manga Longa,porta,Camiseta Fitness ML Branco & Preto - XXGG,12
8302006341,Outros Produtos,porta,Camisa Polo ML Azul Marinho - PP,12
8302015027,Camiseta Gola Alta Manga Curta,porta,Camiseta Gola Alta Pima Manga Curta XXGG Branca,12
8301007051,Calça Comfort,porta,Calça Comfort 38 Caqui,11
8301001197,Camiseta Minimal,porta,Camiseta Mescla - XXGG - GOLA V,11
8303006061,Outros Produtos,porta,Tênis Casual Off White - 38,11
8502001186,Produto desconhecido,desconhecido,,11
8302005231,Camisa Social Malha,porta,Camisa Social Malha Cinza PP,11
8302007342,Outros Produtos,porta,Camisetas Polo Manga Longa 2.0 P Azul,11
9301001422,Camiseta Manga Longa,porta,Camiseta ML Branca GT - P - GOLA V,11
8301005136,Camisa Social Tech Classics,porta,Camisa Social XGG Cinza,10
8302016031,Camiseta Gola Alta Manga Longa,porta,Camiseta Gola Alta Pima Manga Longa PP Marinho,10
8302016051,Camiseta Gola Alta Manga Longa,porta,Camiseta Gola Alta Pima Manga Longa PP Marrom,10
8302016057,Camiseta Gola Alta Manga Longa,porta,Camiseta Gola Alta Pima Manga Longa XXGG Marrom,10
8302005211,Camisa Social Malha,porta,Camisa Social Malha Preta PP,10
5601002346,Jaqueta Westfield,porta,Jaqueta Westfield Azul Marinho - XGG,10
9301001427,Camiseta Manga Longa,porta,Camiseta ML Branca GT - XXGG - GOLA V,10
8302007313,Outros Produtos,porta,Camisetas Polo Manga Longa 2.0 M Preta,10
8301001065,Camiseta Minimal,porta,Camiseta Off-White - GG,9
5601001027,Camiseta Modal Tech,porta,Pijama Modal Branco - XXGG,9
8301005176,Camisa Social Tech Classics,porta,Camisa Social XGG Verde,9
83010023,Produto desconhecido,desconhecido,,9
8301001163,Camiseta Minimal,porta,Camiseta Off-White - M GOLA V,8
8503002152,Outros Produtos,porta,Bermuda Verão Bege - P,8
8302007024,Outros Produtos,porta,Bermuda Comfort Caqui 44,8
8302007022,Outros Produtos,porta,Bermuda Comfort Caqui 40,8
8302007312,Outros Produtos,porta,Camisetas Polo Manga Longa 2.0 P Preta,8
8302016021,Camiseta Gola Alta Manga Longa,porta,Camiseta Gola Alta Pima Manga Longa PP Branca,8
8302007013,Outros Produtos,porta,Bermuda Comfort Preta 42,8
8302007023,Outros Produtos,porta,Bermuda Comfort Caqui 42,7
8401002321,Camiseta Fitness Manga Longa,porta,Camiseta Fitness ML Branco & Preto - PP,7
5601002477,Jaqueta Essential,porta,Jaqueta Essential Verde - XXGG,7
8302007014,Outros Produtos,porta,Bermuda Comfort Preta 44,7
8302007012,Outros Produtos,porta,Bermuda Comfort Preta 40,7
8302007033,Outros Produtos,porta,Bermuda Comfort Azul 42,6
8302006331,Outros Produtos,porta,Camisa Polo ML Branca - PP,6
8302007036,Outros Produtos,porta,Bermuda Comfort Azul 468,6
5601002357,Jaqueta Westfield,porta,Jaqueta Westfield Bege - XXGG,6
8302007073,Outros Produtos,porta,Bermuda Comfort Verde 42,6
8302007343,Outros Produtos,porta,Camisetas Polo Manga Longa 2.0 M Azul,6
8301001061,Camiseta Minimal,porta,Camiseta Off-White - PP,6
8302015057,Camiseta Gola Alta Manga Curta,porta,Camiseta Gola Alta Pima Manga Curta XXGG Bege,6
CamiseAnjosFrach07,Produto desconhecido,desconhecido,,6
9301001424,Camiseta Manga Longa,porta,Camiseta ML Branca GT - G - GOLA V,6
8302016027,Camiseta Gola Alta Manga Longa,porta,Camiseta Gola Alta Pima Manga Longa XXGG Branca,5
8302007016,Outros Produtos,porta,Bermuda Comfort Preta 468,5
giftcard01,Produto desconhecido,desconhecido,,5
8302007021,Outros Produtos,porta,Bermuda Comfort Caqui 38,5
8302007034,Outros Produtos,porta,Bermuda Comfort Azul 44,5
8301001066,Camiseta Minimal,porta,Camiseta Off-White - XGG,5
8301007477,Outros Produtos,porta,Calça Essential Verde - 48,5
9401001027,Camiseta Minimal,porta,Camiseta 2.0 Branca - XXGG,4
Kit2xperfumeMcare,Produto desconhecido,desconhecido,,4
8302007316,Outros Produtos,porta,Camisetas Polo Manga Longa 2.0 XGG Preta,4
Bege163,Produto desconhecido,desconhecido,,4
8302007035,Outros Produtos,porta,Bermuda Comfort Azul 46,4
8302007345,Outros Produtos,porta,Camisetas Polo Manga Longa 2.0 GG Azul,4
8302007025,Outros Produtos,porta,Bermuda Comfort Caqui 46,4
8301001162,Camiseta Minimal,porta,Camiseta Off-White - P - GOLA V,3
8302007332,Outros Produtos,porta,Camisetas Polo Manga Longa 2.0 P Branca,3
8302007026,Outros Produtos,porta,Bermuda Comfort Caqui 48,3
8302007346,Outros Produtos,porta,Camisetas Polo Manga Longa 2.0 XGG Azul,3
8302007334,Outros Produtos,porta,Camisetas Polo Manga Longa 2.0 G Branca,3
9301001426,Camiseta Manga Longa,porta,Camiseta ML Branca GT - XGG - GOLA V,3
8302006337,Outros Produtos,porta,Camisa Polo ML Branca - XXGG,3
8302007032,Outros Produtos,porta,Bermuda Comfort Azul 40,3
8302007074,Outros Produtos,porta,Bermuda Comfort Verde 44,3
CamiseAnjosFrach13,Produto desconhecido,desconhecido,,2
pvcamisetanova20,Produto desconhecido,desconhecido,,2
8302007015,Outros Produtos,porta,Bermuda Comfort Preta 46,2
8302007072,Outros Produtos,porta,Bermuda Comfort Verde 40,2
8302007333,Outros Produtos,porta,Camisetas Polo Manga Longa 2.0 M Branca,2
Bege175,Produto desconhecido,desconhecido,,2
8302007011,Outros Produtos,porta,Bermuda Comfort Preta 38,2
pvcamisetanova24,Produto desconhecido,desconhecido,,2
8302007335,Outros Produtos,porta,Camisetas Polo Manga Longa 2.0 GG Branca,1
8302007076,Outros Produtos,porta,Bermuda Comfort Verde 48,1
8302007075,Outros Produtos,porta,Bermuda Comfort Verde 46,1
8301001161,Camiseta Minimal,porta,Camiseta Off-White - PP - GOLA V,1
8302007317,Outros Produtos,porta,Camisetas Polo Manga Longa 2.0 XXGG Preta,1
CamiseAnjosFrach06,Produto desconhecido,desconhecido,,1
giftcard02,Produto desconhecido,desconhecido,,1
pvcamisetanova17,Produto desconhecido,desconhecido,,1
pvcamisetanova22,Produto desconhecido,desconhecido,,1
8302007031,Outros Produtos,porta,Bermuda Comfort Azul 38,1
8301001167,Camiseta Minimal,porta,Camiseta Off-White - XXGG - GOLA V,1
8301001166,Camiseta Minimal,porta,Camiseta Off-White - XGG - GOLA V,1
